@@,itemlabel,positionlabel,item
+++,Ang Vong Vathana,Senior Minister,
+++,Cham Prasidh,Senior Minister,
+++,Chhay Than,Senior Minister,
+++,Chin Bun Sean,Senior Minister,
+++,Gen. Kun Kim,Senior Minister,
+++,Gen. Meas Sophea,Senior Minister,
+++,Gen. Pol Saroeun,Senior Minister,
+++,Ieng Mouly,Senior Minister,
+++,Kong Sam Ol,Deputy Prime Minister,
+++,Ly Thuch,Senior Minister,
---,Mao Havannall,Secretary of State for Civil Aviation,Q114418808
+++,Pich Bun Thin,Senior Minister,
+++,Sun Chanthol,Senior Minister,
+++,Var Kimhong,Senior Minister,
